order_id,customer_id,region,product_category,order_date,quantity,unit_price,payment_method
ORD1000,CUST181,South America,Books,2023-01-01,4,1119,UPI
ORD1001,CUST105,Africa,Books,2023-01-02,1,1241,Cash on Delivery
ORD1002,CUST41,Asia,Books,2023-01-03,2,1936,Net Banking
ORD1003,CUST15,Africa,Books,2023-01-04,4,260,Credit Card
ORD1004,CUST50,Africa,Beauty,2023-01-05,1,500,UPI
ORD1005,CUST64,Europe,Beauty,2023-01-06,1,297,Cash on Delivery
ORD1006,CUST63,Asia,Apparel,2023-01-07,3,1383,Credit Card
ORD1007,CUST137,Asia,Electronics,2023-01-08,3,759,Credit Card
ORD1008,CUST37,Asia,Books,2023-01-09,4,1875,Credit Card
ORD1009,CUST159,Africa,Apparel,2023-01-10,2,1170,Credit Card
ORD1010,CUST120,South America,Electronics,2023-01-11,1,498,Net Banking
ORD1011,CUST127,Asia,Sports,2023-01-12,4,1833,Net Banking
ORD1012,CUST155,Africa,Home & Kitchen,2023-01-13,1,1682,Net Banking
ORD1013,CUST19,Europe,Beauty,2023-01-14,1,177,Cash on Delivery
ORD1014,CUST158,South America,Sports,2023-01-15,2,223,Cash on Delivery
ORD1015,CUST51,Europe,Electronics,2023-01-16,2,174,Cash on Delivery
ORD1016,CUST131,South America,Sports,2023-01-17,4,1994,Debit Card
ORD1017,CUST99,Africa,Home & Kitchen,2023-01-18,2,236,Cash on Delivery
ORD1018,CUST99,North America,Electronics,2023-01-19,2,701,Net Banking
ORD1019,CUST75,South America,Sports,2023-01-20,4,1523,Net Banking
ORD1020,CUST24,Europe,Beauty,2023-01-21,2,936,Debit Card
ORD1021,CUST45,Africa,Beauty,2023-01-22,3,1628,Debit Card
ORD1022,CUST135,South America,Apparel,2023-01-23,1,599,Cash on Delivery
ORD1023,CUST137,North America,Sports,2023-01-24,1,1696,UPI
ORD1024,CUST77,North America,Books,2023-01-25,1,237,Debit Card
ORD1025,CUST105,Asia,Sports,2023-01-26,1,149,Credit Card
ORD1026,CUST42,Asia,Electronics,2023-01-27,4,1894,Net Banking
ORD1027,CUST160,Europe,Electronics,2023-01-28,1,1072,Credit Card
ORD1028,CUST114,South America,Sports,2023-01-29,1,1742,Net Banking
ORD1029,CUST19,South America,Home & Kitchen,2023-01-30,1,1748,Net Banking
ORD1030,CUST81,Asia,Beauty,2023-01-31,1,1985,Debit Card
ORD1031,CUST6,South America,Electronics,2023-02-01,3,353,Debit Card
ORD1032,CUST62,South America,Beauty,2023-02-02,1,1753,Credit Card
ORD1033,CUST38,North America,Electronics,2023-02-03,3,809,Net Banking
ORD1034,CUST92,Asia,Apparel,2023-02-04,4,1972,Credit Card
ORD1035,CUST1,Africa,Books,2023-02-05,2,662,UPI
ORD1036,CUST159,Asia,Electronics,2023-02-06,1,856,Credit Card
ORD1037,CUST72,Africa,Beauty,2023-02-07,2,1549,Cash on Delivery
ORD1038,CUST85,North America,Apparel,2023-02-08,2,646,Credit Card
ORD1039,CUST35,Europe,Electronics,2023-02-09,4,1425,Cash on Delivery
ORD1040,CUST133,South America,Home & Kitchen,2023-02-10,2,1021,Cash on Delivery
ORD1041,CUST116,North America,Books,2023-02-11,3,680,Cash on Delivery
ORD1042,CUST174,South America,Electronics,2023-02-12,2,1472,UPI
ORD1043,CUST32,Europe,Apparel,2023-02-13,2,1955,Credit Card
ORD1044,CUST153,Europe,Home & Kitchen,2023-02-14,2,148,Credit Card
ORD1045,CUST39,North America,Sports,2023-02-15,1,1016,UPI
ORD1046,CUST183,Europe,Apparel,2023-02-16,1,1197,Net Banking
ORD1047,CUST132,Africa,Apparel,2023-02-17,3,803,Debit Card
ORD1048,CUST51,Europe,Home & Kitchen,2023-02-18,3,360,Credit Card
ORD1049,CUST136,South America,Apparel,2023-02-19,1,455,Debit Card
ORD1050,CUST33,South America,Home & Kitchen,2023-02-20,3,1705,UPI
ORD1051,CUST16,South America,Electronics,2023-02-21,1,1725,Net Banking
ORD1052,CUST61,South America,Home & Kitchen,2023-02-22,4,1383,Net Banking
ORD1053,CUST171,Africa,Home & Kitchen,2023-02-23,2,737,Net Banking
ORD1054,CUST55,Asia,Books,2023-02-24,2,842,UPI
ORD1055,CUST81,North America,Home & Kitchen,2023-02-25,3,1418,Cash on Delivery
ORD1056,CUST170,South America,Home & Kitchen,2023-02-26,1,1109,Cash on Delivery
ORD1057,CUST80,Europe,Sports,2023-02-27,1,1030,Debit Card
ORD1058,CUST135,South America,Electronics,2023-02-28,3,740,Cash on Delivery
ORD1059,CUST188,Europe,Books,2023-03-01,1,891,Cash on Delivery
ORD1060,CUST111,Europe,Sports,2023-03-02,4,1436,Net Banking
ORD1061,CUST18,South America,Beauty,2023-03-03,2,711,Net Banking
ORD1062,CUST159,Africa,Electronics,2023-03-04,3,1961,Debit Card
ORD1063,CUST109,Europe,Electronics,2023-03-05,3,908,Credit Card
ORD1064,CUST87,Europe,Beauty,2023-03-06,1,1305,Debit Card
ORD1065,CUST150,South America,Home & Kitchen,2023-03-07,3,785,Debit Card
ORD1066,CUST80,Europe,Sports,2023-03-08,4,1951,UPI
ORD1067,CUST97,Europe,Apparel,2023-03-09,1,1487,UPI
ORD1068,CUST33,South America,Books,2023-03-10,1,287,Debit Card
ORD1069,CUST144,South America,Apparel,2023-03-11,1,1692,Debit Card
ORD1070,CUST32,North America,Beauty,2023-03-12,1,1666,Debit Card
ORD1071,CUST159,Africa,Electronics,2023-03-13,4,1719,Cash on Delivery
ORD1072,CUST80,Africa,Electronics,2023-03-14,1,1787,UPI
ORD1073,CUST167,Europe,Books,2023-03-15,3,1084,Debit Card
ORD1074,CUST56,Africa,Electronics,2023-03-16,4,647,Net Banking
ORD1075,CUST115,Europe,Electronics,2023-03-17,2,824,Net Banking
ORD1076,CUST146,North America,Books,2023-03-18,2,1025,Cash on Delivery
ORD1077,CUST57,South America,Sports,2023-03-19,3,1531,Cash on Delivery
ORD1078,CUST109,South America,Sports,2023-03-20,3,975,Credit Card
ORD1079,CUST174,South America,Books,2023-03-21,4,717,Credit Card
ORD1080,CUST78,Africa,Beauty,2023-03-22,2,513,Credit Card
ORD1081,CUST151,North America,Electronics,2023-03-23,2,1465,Cash on Delivery
ORD1082,CUST48,Africa,Electronics,2023-03-24,2,1343,Cash on Delivery
ORD1083,CUST173,Africa,Beauty,2023-03-25,2,1002,Cash on Delivery
ORD1084,CUST51,North America,Sports,2023-03-26,2,262,Net Banking
ORD1085,CUST112,North America,Home & Kitchen,2023-03-27,1,1343,Cash on Delivery
ORD1086,CUST88,North America,Home & Kitchen,2023-03-28,3,369,Net Banking
ORD1087,CUST177,North America,Home & Kitchen,2023-03-29,1,731,Credit Card
ORD1088,CUST156,South America,Sports,2023-03-30,2,1005,Credit Card
ORD1089,CUST29,Asia,Sports,2023-03-31,4,1971,Credit Card
ORD1090,CUST49,Asia,Beauty,2023-04-01,4,1523,Debit Card
ORD1091,CUST94,North America,Electronics,2023-04-02,2,1305,Debit Card
ORD1092,CUST172,Asia,Beauty,2023-04-03,2,1741,UPI
ORD1093,CUST64,Asia,Beauty,2023-04-04,4,1852,UPI
ORD1094,CUST26,North America,Sports,2023-04-05,1,304,UPI
ORD1095,CUST4,Asia,Home & Kitchen,2023-04-06,1,681,Debit Card
ORD1096,CUST83,Africa,Apparel,2023-04-07,2,1679,Debit Card
ORD1097,CUST71,Europe,Electronics,2023-04-08,1,940,UPI
ORD1098,CUST83,Europe,Sports,2023-04-09,4,1936,UPI
ORD1099,CUST41,North America,Home & Kitchen,2023-04-10,1,1351,Cash on Delivery
ORD1100,CUST129,South America,Apparel,2023-04-11,2,1819,UPI
ORD1101,CUST55,North America,Apparel,2023-04-12,4,1742,Cash on Delivery
ORD1102,CUST145,South America,Sports,2023-04-13,1,695,Net Banking
ORD1103,CUST37,Europe,Books,2023-04-14,3,1973,Debit Card
ORD1104,CUST27,North America,Electronics,2023-04-15,4,349,UPI
ORD1105,CUST57,Africa,Apparel,2023-04-16,4,974,Debit Card
ORD1106,CUST71,Asia,Sports,2023-04-17,3,1564,Debit Card
ORD1107,CUST36,South America,Sports,2023-04-18,3,1656,Debit Card
ORD1108,CUST102,Asia,Home & Kitchen,2023-04-19,4,295,Net Banking
ORD1109,CUST47,Asia,Books,2023-04-20,3,789,Credit Card
ORD1110,CUST189,North America,Electronics,2023-04-21,2,1642,UPI
ORD1111,CUST27,Asia,Beauty,2023-04-22,2,1193,Credit Card
ORD1112,CUST170,Africa,Home & Kitchen,2023-04-23,2,738,Credit Card
ORD1113,CUST33,Asia,Apparel,2023-04-24,4,1522,Credit Card
ORD1114,CUST42,North America,Apparel,2023-04-25,3,771,Debit Card
ORD1115,CUST46,Africa,Home & Kitchen,2023-04-26,3,1883,Cash on Delivery
ORD1116,CUST28,Europe,Sports,2023-04-27,1,1326,Debit Card
ORD1117,CUST28,Asia,Apparel,2023-04-28,1,1271,Debit Card
ORD1118,CUST178,North America,Books,2023-04-29,3,1595,Credit Card
ORD1119,CUST116,Europe,Electronics,2023-04-30,3,1778,Debit Card
ORD1120,CUST63,Europe,Books,2023-05-01,3,1043,Credit Card
ORD1121,CUST194,South America,Apparel,2023-05-02,4,298,Cash on Delivery
ORD1122,CUST47,Africa,Beauty,2023-05-03,3,1549,UPI
ORD1123,CUST125,Asia,Electronics,2023-05-04,1,1789,Credit Card
ORD1124,CUST53,North America,Electronics,2023-05-05,4,591,Cash on Delivery
ORD1125,CUST137,South America,Home & Kitchen,2023-05-06,3,995,UPI
ORD1126,CUST117,Africa,Home & Kitchen,2023-05-07,1,241,Net Banking
ORD1127,CUST51,South America,Beauty,2023-05-08,4,1436,Credit Card
ORD1128,CUST142,Africa,Sports,2023-05-09,3,264,Credit Card
ORD1129,CUST36,Africa,Electronics,2023-05-10,3,413,Net Banking
ORD1130,CUST107,Asia,Beauty,2023-05-11,3,120,Net Banking
ORD1131,CUST158,Africa,Home & Kitchen,2023-05-12,4,1205,Credit Card
ORD1132,CUST195,South America,Home & Kitchen,2023-05-13,1,1704,Net Banking
ORD1133,CUST15,Africa,Electronics,2023-05-14,1,1254,Debit Card
ORD1134,CUST145,Asia,Books,2023-05-15,2,1722,UPI
ORD1135,CUST71,Asia,Apparel,2023-05-16,3,1853,UPI
ORD1136,CUST192,South America,Home & Kitchen,2023-05-17,2,1083,UPI
ORD1137,CUST181,Europe,Sports,2023-05-18,2,404,Debit Card
ORD1138,CUST55,Europe,Sports,2023-05-19,1,470,Net Banking
ORD1139,CUST192,Africa,Home & Kitchen,2023-05-20,4,1980,Cash on Delivery
ORD1140,CUST176,North America,Books,2023-05-21,4,952,Net Banking
ORD1141,CUST99,Africa,Books,2023-05-22,1,483,Credit Card
ORD1142,CUST113,South America,Beauty,2023-05-23,4,544,UPI
ORD1143,CUST8,South America,Sports,2023-05-24,2,524,Net Banking
ORD1144,CUST172,South America,Beauty,2023-05-25,3,260,Cash on Delivery
ORD1145,CUST117,South America,Sports,2023-05-26,1,1301,Credit Card
ORD1146,CUST168,South America,Apparel,2023-05-27,3,728,Debit Card
ORD1147,CUST63,Asia,Apparel,2023-05-28,4,1831,Debit Card
ORD1148,CUST104,Europe,Electronics,2023-05-29,3,994,Cash on Delivery
ORD1149,CUST166,South America,Beauty,2023-05-30,4,589,Credit Card
ORD1150,CUST117,North America,Home & Kitchen,2023-05-31,4,1116,UPI
ORD1151,CUST111,North America,Beauty,2023-06-01,2,426,Net Banking
ORD1152,CUST104,North America,Home & Kitchen,2023-06-02,4,697,Credit Card
ORD1153,CUST129,North America,Books,2023-06-03,2,1114,Debit Card
ORD1154,CUST134,Asia,Beauty,2023-06-04,2,388,Cash on Delivery
ORD1155,CUST4,North America,Books,2023-06-05,2,692,Cash on Delivery
ORD1156,CUST53,South America,Apparel,2023-06-06,1,1787,Net Banking
ORD1157,CUST25,Africa,Apparel,2023-06-07,1,1696,Cash on Delivery
ORD1158,CUST120,North America,Electronics,2023-06-08,4,672,Cash on Delivery
ORD1159,CUST60,Asia,Beauty,2023-06-09,2,1477,Credit Card
ORD1160,CUST23,Asia,Books,2023-06-10,1,127,UPI
ORD1161,CUST81,North America,Home & Kitchen,2023-06-11,2,1053,Net Banking
ORD1162,CUST31,Africa,Apparel,2023-06-12,3,142,Credit Card
ORD1163,CUST23,North America,Apparel,2023-06-13,3,1804,UPI
ORD1164,CUST69,Asia,Home & Kitchen,2023-06-14,3,522,Credit Card
ORD1165,CUST5,Europe,Books,2023-06-15,4,1721,Credit Card
ORD1166,CUST122,South America,Books,2023-06-16,2,276,Cash on Delivery
ORD1167,CUST165,Asia,Beauty,2023-06-17,3,628,UPI
ORD1168,CUST45,North America,Beauty,2023-06-18,1,1733,Net Banking
ORD1169,CUST18,South America,Sports,2023-06-19,3,1065,Net Banking
ORD1170,CUST81,North America,Sports,2023-06-20,3,1617,UPI
ORD1171,CUST160,North America,Electronics,2023-06-21,3,297,Cash on Delivery
ORD1172,CUST81,Europe,Apparel,2023-06-22,4,709,Debit Card
ORD1173,CUST42,South America,Beauty,2023-06-23,1,1700,Credit Card
ORD1174,CUST129,South America,Books,2023-06-24,2,941,Cash on Delivery
ORD1175,CUST147,Europe,Home & Kitchen,2023-06-25,1,952,UPI
ORD1176,CUST62,Asia,Books,2023-06-26,2,1640,Credit Card
ORD1177,CUST50,North America,Apparel,2023-06-27,4,1637,Net Banking
ORD1178,CUST141,Africa,Sports,2023-06-28,4,121,Debit Card
ORD1179,CUST60,North America,Books,2023-06-29,4,1235,Net Banking
ORD1180,CUST118,North America,Electronics,2023-06-30,4,1180,UPI
ORD1181,CUST135,Asia,Apparel,2023-07-01,2,1189,Credit Card
ORD1182,CUST23,North America,Sports,2023-07-02,3,941,UPI
ORD1183,CUST40,Europe,Home & Kitchen,2023-07-03,2,197,Credit Card
ORD1184,CUST177,Europe,Sports,2023-07-04,1,1267,Cash on Delivery
ORD1185,CUST160,South America,Electronics,2023-07-05,4,534,Debit Card
ORD1186,CUST51,Africa,Apparel,2023-07-06,4,736,Cash on Delivery
ORD1187,CUST37,North America,Home & Kitchen,2023-07-07,1,1802,Cash on Delivery
ORD1188,CUST112,North America,Electronics,2023-07-08,2,1209,UPI
ORD1189,CUST74,Asia,Sports,2023-07-09,3,687,Debit Card
ORD1190,CUST158,Europe,Electronics,2023-07-10,3,443,Credit Card
ORD1191,CUST91,Africa,Apparel,2023-07-11,1,1417,Credit Card
ORD1192,CUST15,South America,Beauty,2023-07-12,3,670,Net Banking
ORD1193,CUST179,Europe,Electronics,2023-07-13,2,1773,Credit Card
ORD1194,CUST154,South America,Electronics,2023-07-14,2,710,UPI
ORD1195,CUST183,Asia,Sports,2023-07-15,1,1827,Cash on Delivery
ORD1196,CUST144,Asia,Sports,2023-07-16,2,342,Cash on Delivery
ORD1197,CUST56,North America,Home & Kitchen,2023-07-17,4,1954,Cash on Delivery
ORD1198,CUST165,Africa,Sports,2023-07-18,1,660,Debit Card
ORD1199,CUST99,South America,Books,2023-07-19,2,1059,Credit Card
ORD1200,CUST113,Europe,Apparel,2023-07-20,1,131,UPI
ORD1201,CUST78,Asia,Apparel,2023-07-21,3,490,Debit Card
ORD1202,CUST104,North America,Beauty,2023-07-22,2,376,Net Banking
ORD1203,CUST88,North America,Beauty,2023-07-23,4,631,UPI
ORD1204,CUST81,South America,Apparel,2023-07-24,2,1277,UPI
ORD1205,CUST116,Asia,Beauty,2023-07-25,1,482,UPI
ORD1206,CUST62,Africa,Home & Kitchen,2023-07-26,1,1191,Cash on Delivery
ORD1207,CUST124,Asia,Sports,2023-07-27,2,983,UPI
ORD1208,CUST10,South America,Apparel,2023-07-28,4,313,Credit Card
ORD1209,CUST15,South America,Beauty,2023-07-29,4,1778,UPI
ORD1210,CUST122,Asia,Apparel,2023-07-30,4,475,Cash on Delivery
ORD1211,CUST30,South America,Books,2023-07-31,1,843,UPI
ORD1212,CUST58,Asia,Electronics,2023-08-01,2,312,Net Banking
ORD1213,CUST138,Europe,Sports,2023-08-02,3,178,Net Banking
ORD1214,CUST138,Asia,Apparel,2023-08-03,1,1849,Cash on Delivery
ORD1215,CUST9,Asia,Electronics,2023-08-04,4,727,Credit Card
ORD1216,CUST28,South America,Beauty,2023-08-05,2,703,Credit Card
ORD1217,CUST83,South America,Electronics,2023-08-06,4,881,Debit Card
ORD1218,CUST143,North America,Sports,2023-08-07,3,1504,Cash on Delivery
ORD1219,CUST165,North America,Apparel,2023-08-08,4,1100,UPI
ORD1220,CUST174,Europe,Books,2023-08-09,4,779,Cash on Delivery
ORD1221,CUST55,North America,Beauty,2023-08-10,3,157,Debit Card
ORD1222,CUST132,Asia,Apparel,2023-08-11,2,1919,Cash on Delivery
ORD1223,CUST71,South America,Sports,2023-08-12,1,1149,Cash on Delivery
ORD1224,CUST134,North America,Beauty,2023-08-13,2,980,Debit Card
ORD1225,CUST185,North America,Home & Kitchen,2023-08-14,3,546,Credit Card
ORD1226,CUST156,Europe,Electronics,2023-08-15,4,165,UPI
ORD1227,CUST128,Europe,Sports,2023-08-16,2,1883,Debit Card
ORD1228,CUST124,Asia,Home & Kitchen,2023-08-17,1,1377,Net Banking
ORD1229,CUST159,South America,Apparel,2023-08-18,3,1167,Credit Card
ORD1230,CUST200,Europe,Books,2023-08-19,2,1220,Net Banking
ORD1231,CUST8,North America,Beauty,2023-08-20,1,1677,Credit Card
ORD1232,CUST74,South America,Electronics,2023-08-21,3,1111,UPI
ORD1233,CUST36,South America,Beauty,2023-08-22,1,326,UPI
ORD1234,CUST165,North America,Apparel,2023-08-23,3,873,Cash on Delivery
ORD1235,CUST109,Europe,Beauty,2023-08-24,4,778,Net Banking
ORD1236,CUST194,North America,Electronics,2023-08-25,2,1559,Credit Card
ORD1237,CUST181,South America,Apparel,2023-08-26,1,1914,UPI
ORD1238,CUST102,Africa,Beauty,2023-08-27,3,700,Debit Card
ORD1239,CUST73,Africa,Books,2023-08-28,1,478,UPI
ORD1240,CUST95,Asia,Sports,2023-08-29,1,1301,Debit Card
ORD1241,CUST47,North America,Apparel,2023-08-30,2,1550,Credit Card
ORD1242,CUST31,North America,Sports,2023-08-31,4,808,UPI
ORD1243,CUST169,Asia,Apparel,2023-09-01,1,406,UPI
ORD1244,CUST50,Asia,Books,2023-09-02,3,878,Credit Card
ORD1245,CUST44,Asia,Sports,2023-09-03,3,603,UPI
ORD1246,CUST77,South America,Home & Kitchen,2023-09-04,4,367,Debit Card
ORD1247,CUST124,North America,Electronics,2023-09-05,3,1709,UPI
ORD1248,CUST187,South America,Home & Kitchen,2023-09-06,4,107,Net Banking
ORD1249,CUST93,Asia,Beauty,2023-09-07,3,607,Cash on Delivery
ORD1250,CUST103,North America,Books,2023-09-08,2,575,Debit Card
ORD1251,CUST160,South America,Home & Kitchen,2023-09-09,1,1420,Net Banking
ORD1252,CUST75,South America,Apparel,2023-09-10,2,263,Credit Card
ORD1253,CUST192,Asia,Beauty,2023-09-11,1,584,Debit Card
ORD1254,CUST81,North America,Beauty,2023-09-12,1,1720,Cash on Delivery
ORD1255,CUST190,Asia,Home & Kitchen,2023-09-13,1,1195,Cash on Delivery
ORD1256,CUST26,North America,Home & Kitchen,2023-09-14,2,666,Credit Card
ORD1257,CUST18,Africa,Books,2023-09-15,1,1004,Credit Card
ORD1258,CUST35,Europe,Electronics,2023-09-16,2,658,Debit Card
ORD1259,CUST62,Europe,Home & Kitchen,2023-09-17,4,337,UPI
ORD1260,CUST36,Europe,Home & Kitchen,2023-09-18,3,1227,Credit Card
ORD1261,CUST122,Asia,Sports,2023-09-19,3,1333,UPI
ORD1262,CUST140,Africa,Apparel,2023-09-20,1,653,Net Banking
ORD1263,CUST162,North America,Sports,2023-09-21,2,927,Cash on Delivery
ORD1264,CUST85,South America,Sports,2023-09-22,3,567,UPI
ORD1265,CUST63,North America,Beauty,2023-09-23,2,1577,Cash on Delivery
ORD1266,CUST32,South America,Electronics,2023-09-24,2,1391,UPI
ORD1267,CUST173,North America,Apparel,2023-09-25,1,485,Net Banking
ORD1268,CUST26,Africa,Books,2023-09-26,3,874,Credit Card
ORD1269,CUST80,South America,Books,2023-09-27,1,947,Net Banking
ORD1270,CUST35,Asia,Home & Kitchen,2023-09-28,1,486,Credit Card
ORD1271,CUST9,North America,Home & Kitchen,2023-09-29,3,976,Credit Card
ORD1272,CUST62,North America,Books,2023-09-30,3,358,Cash on Delivery
ORD1273,CUST63,South America,Home & Kitchen,2023-10-01,4,382,Net Banking
ORD1274,CUST46,Asia,Electronics,2023-10-02,4,1749,UPI
ORD1275,CUST27,Asia,Sports,2023-10-03,2,1998,Net Banking
ORD1276,CUST98,Africa,Home & Kitchen,2023-10-04,3,139,Cash on Delivery
ORD1277,CUST27,Asia,Beauty,2023-10-05,4,585,Credit Card
ORD1278,CUST10,Asia,Home & Kitchen,2023-10-06,2,1028,Cash on Delivery
ORD1279,CUST54,Asia,Apparel,2023-10-07,2,319,Debit Card
ORD1280,CUST171,Europe,Electronics,2023-10-08,2,1252,Debit Card
ORD1281,CUST183,Africa,Apparel,2023-10-09,4,1114,UPI
ORD1282,CUST131,North America,Apparel,2023-10-10,3,1123,Cash on Delivery
ORD1283,CUST27,South America,Beauty,2023-10-11,1,1643,UPI
ORD1284,CUST186,North America,Electronics,2023-10-12,2,712,UPI
ORD1285,CUST112,Africa,Electronics,2023-10-13,4,1027,Debit Card
ORD1286,CUST162,South America,Electronics,2023-10-14,4,787,UPI
ORD1287,CUST83,Africa,Electronics,2023-10-15,1,1742,Debit Card
ORD1288,CUST19,Asia,Electronics,2023-10-16,1,712,Credit Card
ORD1289,CUST63,South America,Beauty,2023-10-17,4,359,Cash on Delivery
ORD1290,CUST104,Asia,Home & Kitchen,2023-10-18,3,1089,UPI
ORD1291,CUST90,North America,Apparel,2023-10-19,1,1065,Debit Card
ORD1292,CUST196,North America,Electronics,2023-10-20,4,465,Net Banking
ORD1293,CUST45,South America,Home & Kitchen,2023-10-21,1,1881,UPI
ORD1294,CUST104,South America,Home & Kitchen,2023-10-22,3,1910,Credit Card
ORD1295,CUST41,Africa,Apparel,2023-10-23,2,643,Credit Card
ORD1296,CUST14,Africa,Beauty,2023-10-24,1,748,Net Banking
ORD1297,CUST14,Asia,Books,2023-10-25,3,1647,Debit Card
ORD1298,CUST180,South America,Books,2023-10-26,4,913,UPI
ORD1299,CUST37,North America,Home & Kitchen,2023-10-27,1,1139,Debit Card
ORD1300,CUST12,Africa,Sports,2023-10-28,1,1252,Credit Card
ORD1301,CUST166,Africa,Sports,2023-10-29,4,674,Debit Card
ORD1302,CUST29,North America,Apparel,2023-10-30,2,1232,Credit Card
ORD1303,CUST191,Africa,Books,2023-10-31,4,1112,Debit Card
ORD1304,CUST5,Asia,Home & Kitchen,2023-11-01,1,1656,Net Banking
ORD1305,CUST22,South America,Beauty,2023-11-02,4,769,Cash on Delivery
ORD1306,CUST188,North America,Books,2023-11-03,3,368,Net Banking
ORD1307,CUST101,South America,Home & Kitchen,2023-11-04,4,1285,Net Banking
ORD1308,CUST82,Africa,Home & Kitchen,2023-11-05,1,1383,Cash on Delivery
ORD1309,CUST186,Africa,Electronics,2023-11-06,4,1023,Cash on Delivery
ORD1310,CUST122,North America,Beauty,2023-11-07,2,1225,UPI
ORD1311,CUST191,Asia,Electronics,2023-11-08,4,1629,UPI
ORD1312,CUST59,Europe,Apparel,2023-11-09,2,1858,Net Banking
ORD1313,CUST49,North America,Electronics,2023-11-10,3,1694,Net Banking
ORD1314,CUST22,Europe,Electronics,2023-11-11,2,346,Credit Card
ORD1315,CUST132,Europe,Books,2023-11-12,4,1763,Credit Card
ORD1316,CUST118,Asia,Sports,2023-11-13,1,1918,UPI
ORD1317,CUST194,Europe,Home & Kitchen,2023-11-14,2,1960,UPI
ORD1318,CUST195,Europe,Beauty,2023-11-15,3,1660,Credit Card
ORD1319,CUST39,Asia,Electronics,2023-11-16,2,230,Credit Card
ORD1320,CUST177,Europe,Beauty,2023-11-17,2,452,Debit Card
ORD1321,CUST194,Europe,Sports,2023-11-18,2,295,Debit Card
ORD1322,CUST19,Europe,Sports,2023-11-19,3,1916,Credit Card
ORD1323,CUST62,North America,Electronics,2023-11-20,4,1029,Debit Card
ORD1324,CUST131,North America,Apparel,2023-11-21,2,1789,Cash on Delivery
ORD1325,CUST51,North America,Electronics,2023-11-22,2,1505,UPI
ORD1326,CUST104,Asia,Books,2023-11-23,1,1121,UPI
ORD1327,CUST142,Africa,Home & Kitchen,2023-11-24,3,744,Credit Card
ORD1328,CUST139,Europe,Apparel,2023-11-25,2,326,Net Banking
ORD1329,CUST163,Europe,Electronics,2023-11-26,3,800,Credit Card
ORD1330,CUST54,Asia,Beauty,2023-11-27,2,1599,Debit Card
ORD1331,CUST74,Europe,Apparel,2023-11-28,4,1600,Net Banking
ORD1332,CUST58,North America,Apparel,2023-11-29,4,364,Debit Card
ORD1333,CUST80,Africa,Electronics,2023-11-30,2,1495,Cash on Delivery
ORD1334,CUST15,South America,Apparel,2023-12-01,4,1609,Debit Card
ORD1335,CUST172,Europe,Beauty,2023-12-02,2,1557,Cash on Delivery
ORD1336,CUST86,North America,Sports,2023-12-03,4,745,Cash on Delivery
ORD1337,CUST148,South America,Apparel,2023-12-04,1,310,Debit Card
ORD1338,CUST136,Africa,Sports,2023-12-05,1,1695,Debit Card
ORD1339,CUST21,South America,Beauty,2023-12-06,1,1500,Cash on Delivery
ORD1340,CUST163,North America,Electronics,2023-12-07,3,1518,Net Banking
ORD1341,CUST139,South America,Home & Kitchen,2023-12-08,3,1573,Cash on Delivery
ORD1342,CUST187,Asia,Apparel,2023-12-09,1,1042,UPI
ORD1343,CUST128,South America,Home & Kitchen,2023-12-10,3,1487,Cash on Delivery
ORD1344,CUST159,Europe,Beauty,2023-12-11,4,1999,Net Banking
ORD1345,CUST80,Europe,Apparel,2023-12-12,2,556,UPI
ORD1346,CUST94,Asia,Sports,2023-12-13,2,824,Credit Card
ORD1347,CUST34,North America,Books,2023-12-14,2,1851,Credit Card
ORD1348,CUST3,Europe,Home & Kitchen,2023-12-15,1,1349,Net Banking
ORD1349,CUST171,Africa,Apparel,2023-12-16,3,1081,Cash on Delivery
ORD1350,CUST192,Europe,Home & Kitchen,2023-12-17,4,1254,Debit Card
ORD1351,CUST108,Europe,Apparel,2023-12-18,4,687,Net Banking
ORD1352,CUST103,North America,Electronics,2023-12-19,1,575,UPI
ORD1353,CUST56,South America,Sports,2023-12-20,4,1921,UPI
ORD1354,CUST137,Europe,Home & Kitchen,2023-12-21,4,1085,Credit Card
ORD1355,CUST134,Asia,Books,2023-12-22,4,1400,UPI
ORD1356,CUST107,South America,Books,2023-12-23,4,255,Net Banking
ORD1357,CUST82,Africa,Beauty,2023-12-24,3,1883,UPI
ORD1358,CUST23,North America,Apparel,2023-12-25,4,1341,Net Banking
ORD1359,CUST199,Africa,Home & Kitchen,2023-12-26,2,289,Debit Card
ORD1360,CUST85,South America,Beauty,2023-12-27,1,1540,Credit Card
ORD1361,CUST46,South America,Home & Kitchen,2023-12-28,3,1080,UPI
ORD1362,CUST135,South America,Apparel,2023-12-29,4,1798,Net Banking
ORD1363,CUST184,Africa,Books,2023-12-30,3,1815,Cash on Delivery
ORD1364,CUST52,South America,Electronics,2023-12-31,4,645,Credit Card
ORD1365,CUST125,Africa,Books,2024-01-01,2,140,Debit Card
ORD1366,CUST15,South America,Beauty,2024-01-02,1,406,Net Banking
ORD1367,CUST149,Asia,Sports,2024-01-03,4,1042,Debit Card
ORD1368,CUST196,South America,Electronics,2024-01-04,4,437,Debit Card
ORD1369,CUST42,Africa,Beauty,2024-01-05,4,1437,UPI
ORD1370,CUST71,Europe,Apparel,2024-01-06,4,1198,UPI
ORD1371,CUST15,South America,Electronics,2024-01-07,1,1052,Net Banking
ORD1372,CUST27,Europe,Beauty,2024-01-08,1,378,Cash on Delivery
ORD1373,CUST5,Asia,Apparel,2024-01-09,2,1299,Net Banking
ORD1374,CUST66,North America,Books,2024-01-10,1,995,Cash on Delivery
ORD1375,CUST136,Asia,Sports,2024-01-11,4,1785,Debit Card
ORD1376,CUST188,South America,Apparel,2024-01-12,2,372,Credit Card
ORD1377,CUST193,Europe,Home & Kitchen,2024-01-13,2,936,Net Banking
ORD1378,CUST52,Europe,Apparel,2024-01-14,2,719,Net Banking
ORD1379,CUST38,Africa,Apparel,2024-01-15,4,1774,Cash on Delivery
ORD1380,CUST170,Europe,Sports,2024-01-16,3,961,Debit Card
ORD1381,CUST122,Africa,Home & Kitchen,2024-01-17,4,1906,Debit Card
ORD1382,CUST123,North America,Beauty,2024-01-18,1,1982,Cash on Delivery
ORD1383,CUST55,South America,Beauty,2024-01-19,1,1030,Debit Card
ORD1384,CUST26,Africa,Apparel,2024-01-20,4,388,UPI
ORD1385,CUST25,North America,Home & Kitchen,2024-01-21,4,823,Credit Card
ORD1386,CUST126,Europe,Home & Kitchen,2024-01-22,2,992,Net Banking
ORD1387,CUST62,Europe,Sports,2024-01-23,4,371,Credit Card
ORD1388,CUST41,North America,Books,2024-01-24,2,1189,Net Banking
ORD1389,CUST97,Europe,Beauty,2024-01-25,1,582,UPI
ORD1390,CUST38,North America,Sports,2024-01-26,2,1035,Debit Card
ORD1391,CUST26,Africa,Electronics,2024-01-27,4,347,Cash on Delivery
ORD1392,CUST97,Africa,Beauty,2024-01-28,1,255,UPI
ORD1393,CUST160,North America,Sports,2024-01-29,3,1170,Credit Card
ORD1394,CUST87,Africa,Beauty,2024-01-30,2,553,Cash on Delivery
ORD1395,CUST75,Africa,Books,2024-01-31,1,300,Debit Card
ORD1396,CUST198,Africa,Electronics,2024-02-01,2,1783,UPI
ORD1397,CUST22,Asia,Books,2024-02-02,1,223,Cash on Delivery
ORD1398,CUST66,South America,Electronics,2024-02-03,1,100,UPI
ORD1399,CUST103,Europe,Apparel,2024-02-04,2,1067,UPI
ORD1400,CUST55,Asia,Sports,2024-02-05,3,1882,Debit Card
ORD1401,CUST162,Africa,Electronics,2024-02-06,1,954,Net Banking
ORD1402,CUST198,North America,Books,2024-02-07,1,739,Cash on Delivery
ORD1403,CUST190,Africa,Beauty,2024-02-08,1,290,Debit Card
ORD1404,CUST86,South America,Electronics,2024-02-09,3,1702,UPI
ORD1405,CUST80,Africa,Sports,2024-02-10,3,615,Debit Card
ORD1406,CUST92,North America,Electronics,2024-02-11,4,541,Net Banking
ORD1407,CUST154,South America,Home & Kitchen,2024-02-12,2,1938,Cash on Delivery
ORD1408,CUST15,Africa,Beauty,2024-02-13,3,1929,Net Banking
ORD1409,CUST93,South America,Sports,2024-02-14,2,242,Credit Card
ORD1410,CUST90,Europe,Sports,2024-02-15,4,1314,Cash on Delivery
ORD1411,CUST109,Europe,Apparel,2024-02-16,2,632,Net Banking
ORD1412,CUST64,Africa,Books,2024-02-17,3,326,UPI
ORD1413,CUST120,South America,Apparel,2024-02-18,2,1436,Cash on Delivery
ORD1414,CUST21,North America,Sports,2024-02-19,3,1752,Cash on Delivery
ORD1415,CUST24,Africa,Beauty,2024-02-20,2,1048,Debit Card
ORD1416,CUST52,Europe,Electronics,2024-02-21,3,1425,UPI
ORD1417,CUST122,Europe,Electronics,2024-02-22,3,1777,Credit Card
ORD1418,CUST26,Africa,Beauty,2024-02-23,2,559,Net Banking
ORD1419,CUST165,South America,Sports,2024-02-24,4,1524,Debit Card
ORD1420,CUST148,Europe,Electronics,2024-02-25,1,650,Net Banking
ORD1421,CUST81,South America,Electronics,2024-02-26,4,492,Credit Card
ORD1422,CUST196,Europe,Electronics,2024-02-27,2,1990,Credit Card
ORD1423,CUST34,Europe,Books,2024-02-28,4,1887,Cash on Delivery
ORD1424,CUST78,Asia,Books,2024-02-29,3,944,Credit Card
ORD1425,CUST125,Europe,Home & Kitchen,2024-03-01,1,1330,Net Banking
ORD1426,CUST165,North America,Apparel,2024-03-02,2,309,UPI
ORD1427,CUST168,Africa,Beauty,2024-03-03,2,1238,UPI
ORD1428,CUST106,Africa,Beauty,2024-03-04,2,1860,Cash on Delivery
ORD1429,CUST108,South America,Beauty,2024-03-05,1,745,Net Banking
ORD1430,CUST66,Europe,Home & Kitchen,2024-03-06,3,1374,Net Banking
ORD1431,CUST101,North America,Books,2024-03-07,2,318,Credit Card
ORD1432,CUST180,South America,Sports,2024-03-08,4,506,Net Banking
ORD1433,CUST90,Asia,Sports,2024-03-09,2,1566,Debit Card
ORD1434,CUST158,South America,Home & Kitchen,2024-03-10,2,1726,Credit Card
ORD1435,CUST118,South America,Sports,2024-03-11,2,1477,Debit Card
ORD1436,CUST150,Europe,Beauty,2024-03-12,2,987,Cash on Delivery
ORD1437,CUST159,Asia,Apparel,2024-03-13,3,657,UPI
ORD1438,CUST174,South America,Electronics,2024-03-14,4,649,Cash on Delivery
ORD1439,CUST127,North America,Books,2024-03-15,3,241,UPI
ORD1440,CUST192,North America,Books,2024-03-16,4,711,Cash on Delivery
ORD1441,CUST186,Africa,Home & Kitchen,2024-03-17,2,600,Net Banking
ORD1442,CUST74,Asia,Books,2024-03-18,1,939,Debit Card
ORD1443,CUST88,Asia,Beauty,2024-03-19,3,801,UPI
ORD1444,CUST77,Africa,Sports,2024-03-20,1,1670,Credit Card
ORD1445,CUST86,South America,Beauty,2024-03-21,3,1782,Debit Card
ORD1446,CUST16,Asia,Home & Kitchen,2024-03-22,2,1665,Credit Card
ORD1447,CUST103,North America,Beauty,2024-03-23,3,1969,Debit Card
ORD1448,CUST61,North America,Sports,2024-03-24,2,1630,Debit Card
ORD1449,CUST152,Europe,Apparel,2024-03-25,3,695,Cash on Delivery
ORD1450,CUST80,Asia,Home & Kitchen,2024-03-26,2,380,UPI
ORD1451,CUST102,South America,Apparel,2024-03-27,2,523,UPI
ORD1452,CUST177,Africa,Electronics,2024-03-28,4,955,Debit Card
ORD1453,CUST188,Africa,Apparel,2024-03-29,2,369,Net Banking
ORD1454,CUST22,South America,Electronics,2024-03-30,4,253,Net Banking
ORD1455,CUST95,Europe,Electronics,2024-03-31,2,713,Credit Card
ORD1456,CUST40,Africa,Apparel,2024-04-01,1,1850,Credit Card
ORD1457,CUST13,Asia,Home & Kitchen,2024-04-02,2,761,Cash on Delivery
ORD1458,CUST139,Europe,Sports,2024-04-03,1,182,Debit Card
ORD1459,CUST141,Asia,Beauty,2024-04-04,1,1745,Credit Card
ORD1460,CUST127,North America,Beauty,2024-04-05,2,1046,Credit Card
ORD1461,CUST195,Europe,Sports,2024-04-06,1,998,Debit Card
ORD1462,CUST39,Africa,Electronics,2024-04-07,4,1549,Cash on Delivery
ORD1463,CUST44,Europe,Electronics,2024-04-08,3,1398,Credit Card
ORD1464,CUST162,Europe,Home & Kitchen,2024-04-09,2,1836,Cash on Delivery
ORD1465,CUST126,Europe,Books,2024-04-10,1,383,UPI
ORD1466,CUST105,Europe,Apparel,2024-04-11,2,1079,Cash on Delivery
ORD1467,CUST141,Asia,Electronics,2024-04-12,4,272,Net Banking
ORD1468,CUST38,North America,Beauty,2024-04-13,2,1450,Net Banking
ORD1469,CUST98,South America,Home & Kitchen,2024-04-14,2,1841,Cash on Delivery
ORD1470,CUST105,Europe,Apparel,2024-04-15,1,1186,Net Banking
ORD1471,CUST145,Africa,Home & Kitchen,2024-04-16,4,1196,UPI
ORD1472,CUST55,Europe,Apparel,2024-04-17,3,862,Debit Card
ORD1473,CUST142,Africa,Apparel,2024-04-18,3,1759,Net Banking
ORD1474,CUST86,Asia,Sports,2024-04-19,1,1498,Net Banking
ORD1475,CUST172,Africa,Electronics,2024-04-20,2,732,Cash on Delivery
ORD1476,CUST15,South America,Home & Kitchen,2024-04-21,1,1631,UPI
ORD1477,CUST150,North America,Home & Kitchen,2024-04-22,1,886,Debit Card
ORD1478,CUST41,Africa,Sports,2024-04-23,1,1042,Cash on Delivery
ORD1479,CUST47,Africa,Beauty,2024-04-24,2,1111,Cash on Delivery
ORD1480,CUST89,North America,Beauty,2024-04-25,4,497,UPI
ORD1481,CUST198,South America,Electronics,2024-04-26,1,1243,Debit Card
ORD1482,CUST179,Europe,Electronics,2024-04-27,2,1033,UPI
ORD1483,CUST190,Africa,Books,2024-04-28,4,1560,Debit Card
ORD1484,CUST193,North America,Sports,2024-04-29,1,1952,UPI
ORD1485,CUST133,Asia,Beauty,2024-04-30,3,775,Cash on Delivery
ORD1486,CUST35,North America,Apparel,2024-05-01,4,1035,Cash on Delivery
ORD1487,CUST94,Asia,Home & Kitchen,2024-05-02,1,564,Credit Card
ORD1488,CUST87,South America,Electronics,2024-05-03,4,385,Net Banking
ORD1489,CUST127,Europe,Home & Kitchen,2024-05-04,4,364,UPI
ORD1490,CUST56,North America,Home & Kitchen,2024-05-05,4,419,Credit Card
ORD1491,CUST100,Africa,Books,2024-05-06,4,772,Net Banking
ORD1492,CUST35,South America,Beauty,2024-05-07,4,1499,UPI
ORD1493,CUST103,North America,Electronics,2024-05-08,4,919,Debit Card
ORD1494,CUST82,Africa,Home & Kitchen,2024-05-09,1,188,Net Banking
ORD1495,CUST91,North America,Electronics,2024-05-10,3,1777,Cash on Delivery
ORD1496,CUST119,Asia,Apparel,2024-05-11,2,1326,Credit Card
ORD1497,CUST160,North America,Books,2024-05-12,4,920,Net Banking
ORD1498,CUST113,North America,Apparel,2024-05-13,2,1862,Net Banking
ORD1499,CUST77,North America,Electronics,2024-05-14,1,1100,Cash on Delivery
ORD1500,CUST166,South America,Electronics,2024-05-15,4,433,UPI
ORD1501,CUST159,North America,Beauty,2024-05-16,3,321,Debit Card
ORD1502,CUST21,Africa,Home & Kitchen,2024-05-17,2,140,Cash on Delivery
ORD1503,CUST23,Asia,Home & Kitchen,2024-05-18,4,1831,Debit Card
ORD1504,CUST179,Asia,Apparel,2024-05-19,1,167,UPI
ORD1505,CUST74,North America,Books,2024-05-20,3,1087,Net Banking
ORD1506,CUST124,South America,Sports,2024-05-21,2,1899,Debit Card
ORD1507,CUST3,South America,Home & Kitchen,2024-05-22,2,613,Credit Card
ORD1508,CUST168,Africa,Beauty,2024-05-23,4,1996,Credit Card
ORD1509,CUST167,North America,Apparel,2024-05-24,3,1760,Cash on Delivery
ORD1510,CUST46,Asia,Apparel,2024-05-25,3,1745,UPI
ORD1511,CUST66,South America,Sports,2024-05-26,3,1721,Cash on Delivery
ORD1512,CUST96,North America,Beauty,2024-05-27,3,1755,Cash on Delivery
ORD1513,CUST101,South America,Books,2024-05-28,1,1250,Cash on Delivery
ORD1514,CUST191,South America,Beauty,2024-05-29,3,1378,Credit Card
ORD1515,CUST44,Asia,Books,2024-05-30,2,794,Credit Card
ORD1516,CUST122,Europe,Beauty,2024-05-31,2,1139,Cash on Delivery
ORD1517,CUST36,Africa,Beauty,2024-06-01,1,576,Credit Card
ORD1518,CUST150,Africa,Electronics,2024-06-02,2,1185,UPI
ORD1519,CUST75,Asia,Apparel,2024-06-03,2,980,Cash on Delivery
ORD1520,CUST169,South America,Beauty,2024-06-04,3,531,Credit Card
ORD1521,CUST87,North America,Sports,2024-06-05,2,1793,Debit Card
ORD1522,CUST60,South America,Beauty,2024-06-06,1,367,Cash on Delivery
ORD1523,CUST141,Asia,Home & Kitchen,2024-06-07,3,1158,Cash on Delivery
ORD1524,CUST37,Africa,Apparel,2024-06-08,4,878,UPI
ORD1525,CUST71,South America,Home & Kitchen,2024-06-09,3,1699,Net Banking
ORD1526,CUST78,Africa,Apparel,2024-06-10,1,593,Net Banking
ORD1527,CUST163,North America,Home & Kitchen,2024-06-11,3,1685,UPI
ORD1528,CUST75,Africa,Beauty,2024-06-12,3,1592,UPI
ORD1529,CUST162,Africa,Beauty,2024-06-13,1,1890,UPI
ORD1530,CUST153,Europe,Electronics,2024-06-14,3,760,Net Banking
ORD1531,CUST15,Europe,Sports,2024-06-15,1,1448,UPI
ORD1532,CUST35,Europe,Home & Kitchen,2024-06-16,1,1427,Credit Card
ORD1533,CUST37,Africa,Books,2024-06-17,4,1399,Cash on Delivery
ORD1534,CUST170,Asia,Electronics,2024-06-18,2,1992,Cash on Delivery
ORD1535,CUST152,Africa,Home & Kitchen,2024-06-19,2,1807,Debit Card
ORD1536,CUST119,Asia,Home & Kitchen,2024-06-20,3,1112,Debit Card
ORD1537,CUST116,Asia,Electronics,2024-06-21,3,1324,Cash on Delivery
ORD1538,CUST19,Europe,Beauty,2024-06-22,4,1568,Credit Card
ORD1539,CUST184,South America,Home & Kitchen,2024-06-23,4,1447,Net Banking
ORD1540,CUST154,North America,Beauty,2024-06-24,4,1158,Net Banking
ORD1541,CUST112,Europe,Electronics,2024-06-25,1,1076,Credit Card
ORD1542,CUST129,Europe,Beauty,2024-06-26,4,581,Net Banking
ORD1543,CUST57,South America,Apparel,2024-06-27,4,827,UPI
ORD1544,CUST78,North America,Books,2024-06-28,3,579,Cash on Delivery
ORD1545,CUST127,Africa,Home & Kitchen,2024-06-29,4,1188,Cash on Delivery
ORD1546,CUST23,Africa,Sports,2024-06-30,1,1131,Credit Card
ORD1547,CUST7,Europe,Books,2024-07-01,1,1424,Net Banking
ORD1548,CUST121,North America,Beauty,2024-07-02,3,442,Debit Card
ORD1549,CUST23,Europe,Home & Kitchen,2024-07-03,4,1554,Debit Card
ORD1550,CUST172,Asia,Beauty,2024-07-04,4,1547,Net Banking
ORD1551,CUST41,Europe,Apparel,2024-07-05,1,431,Debit Card
ORD1552,CUST138,Europe,Electronics,2024-07-06,4,537,Credit Card
ORD1553,CUST94,Africa,Home & Kitchen,2024-07-07,4,1711,Credit Card
ORD1554,CUST188,Africa,Apparel,2024-07-08,4,273,Net Banking
ORD1555,CUST172,Africa,Apparel,2024-07-09,2,658,Debit Card
ORD1556,CUST76,Asia,Home & Kitchen,2024-07-10,3,626,Credit Card
ORD1557,CUST116,Africa,Beauty,2024-07-11,2,1996,Credit Card
ORD1558,CUST123,North America,Sports,2024-07-12,3,758,UPI
ORD1559,CUST188,South America,Apparel,2024-07-13,1,125,UPI
ORD1560,CUST73,North America,Books,2024-07-14,4,919,Credit Card
ORD1561,CUST5,North America,Apparel,2024-07-15,3,704,Net Banking
ORD1562,CUST109,Africa,Sports,2024-07-16,2,505,Cash on Delivery
ORD1563,CUST74,South America,Beauty,2024-07-17,4,331,Cash on Delivery
ORD1564,CUST65,South America,Beauty,2024-07-18,1,632,Credit Card
ORD1565,CUST186,South America,Books,2024-07-19,3,1942,Credit Card
ORD1566,CUST72,Asia,Apparel,2024-07-20,3,1673,Credit Card
ORD1567,CUST158,Africa,Beauty,2024-07-21,3,1911,Net Banking
ORD1568,CUST86,South America,Sports,2024-07-22,4,604,UPI
ORD1569,CUST164,Asia,Home & Kitchen,2024-07-23,2,1792,Credit Card
ORD1570,CUST57,Europe,Electronics,2024-07-24,2,278,Credit Card
ORD1571,CUST9,Europe,Electronics,2024-07-25,3,231,Debit Card
ORD1572,CUST182,Asia,Electronics,2024-07-26,1,1946,Net Banking
ORD1573,CUST10,Asia,Apparel,2024-07-27,1,1578,Credit Card
ORD1574,CUST94,Africa,Books,2024-07-28,2,447,Debit Card
ORD1575,CUST78,Africa,Beauty,2024-07-29,1,639,Cash on Delivery
ORD1576,CUST157,Europe,Home & Kitchen,2024-07-30,2,871,Credit Card
ORD1577,CUST30,South America,Sports,2024-07-31,3,1529,Credit Card
ORD1578,CUST62,Europe,Home & Kitchen,2024-08-01,2,175,Debit Card
ORD1579,CUST161,South America,Sports,2024-08-02,2,678,Net Banking
ORD1580,CUST181,South America,Apparel,2024-08-03,3,953,Credit Card
ORD1581,CUST158,Africa,Electronics,2024-08-04,1,1615,Cash on Delivery
ORD1582,CUST171,North America,Apparel,2024-08-05,2,293,Credit Card
ORD1583,CUST150,North America,Books,2024-08-06,2,1285,Cash on Delivery
ORD1584,CUST195,Asia,Books,2024-08-07,3,446,UPI
ORD1585,CUST55,Africa,Sports,2024-08-08,1,1050,UPI
ORD1586,CUST157,South America,Beauty,2024-08-09,2,1484,Cash on Delivery
ORD1587,CUST180,North America,Beauty,2024-08-10,3,1892,Net Banking
ORD1588,CUST23,South America,Sports,2024-08-11,2,1707,Credit Card
ORD1589,CUST171,North America,Books,2024-08-12,4,1210,Credit Card
ORD1590,CUST88,North America,Books,2024-08-13,3,1385,UPI
ORD1591,CUST161,North America,Books,2024-08-14,1,313,Cash on Delivery
ORD1592,CUST20,Africa,Apparel,2024-08-15,1,1788,Credit Card
ORD1593,CUST44,Europe,Books,2024-08-16,1,1845,Credit Card
ORD1594,CUST128,South America,Home & Kitchen,2024-08-17,1,672,Net Banking
ORD1595,CUST75,Africa,Electronics,2024-08-18,2,879,Debit Card
ORD1596,CUST46,Africa,Books,2024-08-19,2,361,UPI
ORD1597,CUST40,Africa,Sports,2024-08-20,1,829,UPI
ORD1598,CUST32,Africa,Electronics,2024-08-21,1,382,Debit Card
ORD1599,CUST18,Africa,Apparel,2024-08-22,1,1771,Credit Card
ORD1600,CUST172,Asia,Sports,2024-08-23,2,1590,Net Banking
ORD1601,CUST74,South America,Electronics,2024-08-24,1,1503,Net Banking
ORD1602,CUST16,Africa,Sports,2024-08-25,1,461,UPI
ORD1603,CUST33,South America,Apparel,2024-08-26,4,1572,Net Banking
ORD1604,CUST179,Asia,Home & Kitchen,2024-08-27,4,540,Debit Card
ORD1605,CUST104,Asia,Apparel,2024-08-28,1,192,Credit Card
ORD1606,CUST151,South America,Apparel,2024-08-29,3,1744,Debit Card
ORD1607,CUST31,North America,Sports,2024-08-30,1,852,Cash on Delivery
ORD1608,CUST89,Europe,Beauty,2024-08-31,4,966,UPI
ORD1609,CUST73,North America,Books,2024-09-01,3,1547,Net Banking
ORD1610,CUST51,North America,Books,2024-09-02,3,241,Cash on Delivery
ORD1611,CUST137,North America,Home & Kitchen,2024-09-03,1,1414,Net Banking
ORD1612,CUST73,Africa,Home & Kitchen,2024-09-04,4,1555,Credit Card
ORD1613,CUST32,Asia,Books,2024-09-05,4,848,Credit Card
ORD1614,CUST57,North America,Beauty,2024-09-06,3,1975,Credit Card
ORD1615,CUST124,Asia,Books,2024-09-07,1,1947,Net Banking
ORD1616,CUST86,South America,Beauty,2024-09-08,2,1812,Cash on Delivery
ORD1617,CUST54,Europe,Home & Kitchen,2024-09-09,2,752,Credit Card
ORD1618,CUST152,South America,Electronics,2024-09-10,4,800,Cash on Delivery
ORD1619,CUST144,South America,Sports,2024-09-11,2,1097,Net Banking
ORD1620,CUST56,Africa,Home & Kitchen,2024-09-12,4,148,Cash on Delivery
ORD1621,CUST159,Europe,Home & Kitchen,2024-09-13,4,1425,Net Banking
ORD1622,CUST163,South America,Apparel,2024-09-14,4,980,Net Banking
ORD1623,CUST106,South America,Apparel,2024-09-15,2,1313,UPI
ORD1624,CUST164,Europe,Apparel,2024-09-16,4,1259,Net Banking
ORD1625,CUST29,Europe,Sports,2024-09-17,3,654,Net Banking
ORD1626,CUST24,South America,Apparel,2024-09-18,1,503,Debit Card
ORD1627,CUST2,Europe,Beauty,2024-09-19,1,991,Credit Card
ORD1628,CUST164,South America,Books,2024-09-20,4,964,UPI
ORD1629,CUST108,South America,Electronics,2024-09-21,1,701,UPI
ORD1630,CUST112,Africa,Home & Kitchen,2024-09-22,2,1930,UPI
ORD1631,CUST183,North America,Beauty,2024-09-23,2,440,Debit Card
ORD1632,CUST24,South America,Electronics,2024-09-24,1,1880,Net Banking
ORD1633,CUST1,Asia,Beauty,2024-09-25,2,803,Credit Card
ORD1634,CUST24,North America,Beauty,2024-09-26,1,417,Cash on Delivery
ORD1635,CUST110,North America,Home & Kitchen,2024-09-27,1,717,Net Banking
ORD1636,CUST49,North America,Books,2024-09-28,1,1486,Debit Card
ORD1637,CUST140,Africa,Apparel,2024-09-29,4,1945,Net Banking
ORD1638,CUST191,South America,Sports,2024-09-30,1,481,Net Banking
ORD1639,CUST172,Africa,Books,2024-10-01,4,332,Debit Card
ORD1640,CUST87,South America,Sports,2024-10-02,1,1900,UPI
ORD1641,CUST71,Africa,Home & Kitchen,2024-10-03,1,1467,UPI
ORD1642,CUST27,Africa,Home & Kitchen,2024-10-04,1,1672,Credit Card
ORD1643,CUST195,Asia,Home & Kitchen,2024-10-05,2,916,Credit Card
ORD1644,CUST69,Africa,Electronics,2024-10-06,4,652,UPI
ORD1645,CUST29,Europe,Sports,2024-10-07,4,1652,Cash on Delivery
ORD1646,CUST155,Asia,Books,2024-10-08,1,955,Net Banking
ORD1647,CUST131,Africa,Books,2024-10-09,1,1912,Cash on Delivery
ORD1648,CUST76,North America,Beauty,2024-10-10,2,918,Net Banking
ORD1649,CUST68,Europe,Beauty,2024-10-11,2,1694,UPI
ORD1650,CUST40,Europe,Beauty,2024-10-12,2,282,Credit Card
ORD1651,CUST19,Europe,Home & Kitchen,2024-10-13,4,1164,Credit Card
ORD1652,CUST100,Asia,Books,2024-10-14,4,1674,Cash on Delivery
ORD1653,CUST62,Africa,Sports,2024-10-15,4,496,Credit Card
ORD1654,CUST86,Africa,Home & Kitchen,2024-10-16,1,1827,UPI
ORD1655,CUST16,North America,Electronics,2024-10-17,4,878,Cash on Delivery
ORD1656,CUST75,North America,Beauty,2024-10-18,3,1617,Net Banking
ORD1657,CUST187,Europe,Home & Kitchen,2024-10-19,3,1782,Credit Card
ORD1658,CUST184,North America,Home & Kitchen,2024-10-20,2,1006,Debit Card
ORD1659,CUST31,Asia,Electronics,2024-10-21,4,1456,Credit Card
ORD1660,CUST199,Africa,Apparel,2024-10-22,3,226,Net Banking
ORD1661,CUST91,Europe,Books,2024-10-23,2,1681,Cash on Delivery
ORD1662,CUST188,North America,Sports,2024-10-24,4,1680,Net Banking
ORD1663,CUST9,Asia,Apparel,2024-10-25,1,100,Debit Card
ORD1664,CUST143,Asia,Beauty,2024-10-26,3,1291,UPI
ORD1665,CUST168,North America,Home & Kitchen,2024-10-27,1,1743,Credit Card
ORD1666,CUST65,Africa,Electronics,2024-10-28,4,118,Cash on Delivery
ORD1667,CUST195,North America,Electronics,2024-10-29,3,1455,UPI
ORD1668,CUST49,Europe,Books,2024-10-30,4,683,Net Banking
ORD1669,CUST198,North America,Apparel,2024-10-31,1,555,Cash on Delivery
ORD1670,CUST116,Asia,Books,2024-11-01,3,1056,UPI
ORD1671,CUST49,North America,Home & Kitchen,2024-11-02,1,1232,Cash on Delivery
ORD1672,CUST106,Africa,Books,2024-11-03,4,1391,Debit Card
ORD1673,CUST91,South America,Sports,2024-11-04,4,544,Debit Card
ORD1674,CUST117,North America,Electronics,2024-11-05,1,1363,Credit Card
ORD1675,CUST16,Africa,Electronics,2024-11-06,3,1424,Credit Card
ORD1676,CUST26,Africa,Beauty,2024-11-07,1,701,Debit Card
ORD1677,CUST2,Asia,Beauty,2024-11-08,4,202,Cash on Delivery
ORD1678,CUST124,Africa,Home & Kitchen,2024-11-09,1,1087,Debit Card
ORD1679,CUST115,Africa,Sports,2024-11-10,4,1373,Credit Card
ORD1680,CUST170,Africa,Apparel,2024-11-11,1,1576,Debit Card
ORD1681,CUST83,Africa,Books,2024-11-12,3,619,Debit Card
ORD1682,CUST100,Europe,Home & Kitchen,2024-11-13,3,1276,Cash on Delivery
ORD1683,CUST172,Europe,Beauty,2024-11-14,1,958,UPI
ORD1684,CUST179,Asia,Books,2024-11-15,1,273,Credit Card
ORD1685,CUST88,North America,Beauty,2024-11-16,3,1466,Cash on Delivery
ORD1686,CUST22,Africa,Books,2024-11-17,4,1793,Debit Card
ORD1687,CUST46,North America,Apparel,2024-11-18,3,1104,Debit Card
ORD1688,CUST188,North America,Home & Kitchen,2024-11-19,4,530,UPI
ORD1689,CUST128,Asia,Books,2024-11-20,1,826,Credit Card
ORD1690,CUST131,Africa,Sports,2024-11-21,1,1812,Credit Card
ORD1691,CUST16,Africa,Electronics,2024-11-22,4,1810,Net Banking
ORD1692,CUST166,South America,Sports,2024-11-23,1,1975,Credit Card
ORD1693,CUST65,North America,Sports,2024-11-24,4,949,UPI
ORD1694,CUST54,North America,Electronics,2024-11-25,2,1781,Net Banking
ORD1695,CUST171,Europe,Sports,2024-11-26,3,1447,Net Banking
ORD1696,CUST130,South America,Books,2024-11-27,2,1089,Debit Card
ORD1697,CUST117,Europe,Books,2024-11-28,4,1796,Debit Card
ORD1698,CUST94,Europe,Books,2024-11-29,3,738,Credit Card
ORD1699,CUST97,Europe,Electronics,2024-11-30,4,519,Net Banking
ORD1700,CUST187,Asia,Sports,2024-12-01,3,693,Debit Card
ORD1701,CUST59,Asia,Electronics,2024-12-02,3,584,UPI
ORD1702,CUST181,Europe,Books,2024-12-03,3,1782,Debit Card
ORD1703,CUST6,South America,Sports,2024-12-04,3,1874,Debit Card
ORD1704,CUST81,North America,Sports,2024-12-05,4,511,Net Banking
ORD1705,CUST190,South America,Beauty,2024-12-06,3,1035,Net Banking
ORD1706,CUST120,Africa,Beauty,2024-12-07,3,1207,Cash on Delivery
ORD1707,CUST64,Asia,Apparel,2024-12-08,2,1236,UPI
ORD1708,CUST113,North America,Home & Kitchen,2024-12-09,1,1860,Net Banking
ORD1709,CUST183,North America,Beauty,2024-12-10,1,431,Credit Card
ORD1710,CUST89,Africa,Electronics,2024-12-11,2,1501,UPI
ORD1711,CUST100,Africa,Beauty,2024-12-12,2,1878,UPI
ORD1712,CUST61,Europe,Apparel,2024-12-13,4,754,Net Banking
ORD1713,CUST70,Asia,Sports,2024-12-14,4,140,UPI
ORD1714,CUST177,Asia,Apparel,2024-12-15,4,1893,Net Banking
ORD1715,CUST9,South America,Sports,2024-12-16,2,1058,Debit Card
ORD1716,CUST190,Europe,Sports,2024-12-17,2,1920,Cash on Delivery
ORD1717,CUST157,Europe,Home & Kitchen,2024-12-18,3,204,Debit Card
ORD1718,CUST193,Europe,Beauty,2024-12-19,4,301,Net Banking
ORD1719,CUST45,Europe,Electronics,2024-12-20,4,549,Net Banking
ORD1720,CUST119,Asia,Electronics,2024-12-21,4,1942,Debit Card
ORD1721,CUST134,Asia,Books,2024-12-22,1,1966,Credit Card
ORD1722,CUST51,Europe,Sports,2024-12-23,3,1389,Credit Card
ORD1723,CUST185,South America,Electronics,2024-12-24,4,1009,Credit Card
ORD1724,CUST33,North America,Home & Kitchen,2024-12-25,4,309,Net Banking
ORD1725,CUST2,North America,Sports,2024-12-26,4,662,UPI
ORD1726,CUST168,South America,Home & Kitchen,2024-12-27,1,1241,Net Banking
ORD1727,CUST62,Europe,Electronics,2024-12-28,1,812,UPI
ORD1728,CUST66,Asia,Electronics,2024-12-29,2,1500,Debit Card
ORD1729,CUST169,North America,Books,2024-12-30,3,1674,Cash on Delivery
ORD1730,CUST98,Africa,Electronics,2024-12-31,2,1663,UPI
ORD1731,CUST150,Africa,Sports,2025-01-01,3,870,Credit Card
ORD1732,CUST106,South America,Sports,2025-01-02,1,1207,Net Banking
ORD1733,CUST180,Europe,Sports,2025-01-03,4,553,Debit Card
ORD1734,CUST178,North America,Books,2025-01-04,2,766,Credit Card
ORD1735,CUST11,Europe,Books,2025-01-05,4,728,Debit Card
ORD1736,CUST56,North America,Electronics,2025-01-06,2,1637,Cash on Delivery
ORD1737,CUST198,South America,Apparel,2025-01-07,1,1728,Net Banking
ORD1738,CUST178,South America,Apparel,2025-01-08,1,1801,Net Banking
ORD1739,CUST33,Africa,Books,2025-01-09,1,486,Cash on Delivery
ORD1740,CUST22,Europe,Electronics,2025-01-10,2,1473,Net Banking
ORD1741,CUST166,Africa,Apparel,2025-01-11,3,395,UPI
ORD1742,CUST111,Europe,Electronics,2025-01-12,2,357,Debit Card
ORD1743,CUST192,Africa,Electronics,2025-01-13,3,1204,Credit Card
ORD1744,CUST150,Asia,Electronics,2025-01-14,2,367,Cash on Delivery
ORD1745,CUST77,Asia,Beauty,2025-01-15,2,518,UPI
ORD1746,CUST194,Asia,Sports,2025-01-16,1,334,Credit Card
ORD1747,CUST108,Asia,Electronics,2025-01-17,4,1956,Credit Card
ORD1748,CUST57,North America,Beauty,2025-01-18,4,1434,Cash on Delivery
ORD1749,CUST141,Asia,Books,2025-01-19,3,1936,UPI
ORD1750,CUST151,South America,Apparel,2025-01-20,4,1085,Credit Card
ORD1751,CUST183,South America,Sports,2025-01-21,2,1480,Credit Card
ORD1752,CUST13,North America,Apparel,2025-01-22,2,1336,UPI
ORD1753,CUST51,Asia,Sports,2025-01-23,1,673,Net Banking
ORD1754,CUST109,Asia,Apparel,2025-01-24,1,148,Credit Card
ORD1755,CUST102,Asia,Sports,2025-01-25,4,1250,Debit Card
ORD1756,CUST196,Africa,Apparel,2025-01-26,3,322,UPI
ORD1757,CUST99,Europe,Apparel,2025-01-27,4,1020,Credit Card
ORD1758,CUST92,Africa,Apparel,2025-01-28,4,1402,Cash on Delivery
ORD1759,CUST139,Europe,Apparel,2025-01-29,4,1531,Debit Card
ORD1760,CUST36,Asia,Books,2025-01-30,4,1628,Credit Card
ORD1761,CUST151,Asia,Electronics,2025-01-31,2,1417,Debit Card
ORD1762,CUST151,Africa,Home & Kitchen,2025-02-01,3,1919,Debit Card
ORD1763,CUST28,Africa,Beauty,2025-02-02,2,376,Net Banking
ORD1764,CUST81,Europe,Home & Kitchen,2025-02-03,3,1561,Debit Card
ORD1765,CUST29,South America,Home & Kitchen,2025-02-04,1,1230,Net Banking
ORD1766,CUST17,Europe,Sports,2025-02-05,4,1781,UPI
ORD1767,CUST28,Africa,Electronics,2025-02-06,2,519,Net Banking
ORD1768,CUST50,Africa,Sports,2025-02-07,3,710,Cash on Delivery
ORD1769,CUST99,North America,Electronics,2025-02-08,1,1552,Credit Card
ORD1770,CUST33,Africa,Electronics,2025-02-09,1,474,UPI
ORD1771,CUST175,North America,Apparel,2025-02-10,4,172,UPI
ORD1772,CUST15,South America,Books,2025-02-11,3,1757,Cash on Delivery
ORD1773,CUST156,Europe,Apparel,2025-02-12,2,1153,Net Banking
ORD1774,CUST143,Europe,Books,2025-02-13,4,1311,Credit Card
ORD1775,CUST148,North America,Sports,2025-02-14,2,1487,Net Banking
ORD1776,CUST191,Europe,Books,2025-02-15,1,1989,Debit Card
ORD1777,CUST79,Africa,Sports,2025-02-16,2,1923,Net Banking
ORD1778,CUST173,Asia,Home & Kitchen,2025-02-17,2,1574,UPI
ORD1779,CUST121,North America,Home & Kitchen,2025-02-18,4,294,Credit Card
ORD1780,CUST163,Europe,Books,2025-02-19,2,1279,Net Banking
ORD1781,CUST145,North America,Books,2025-02-20,4,1295,Credit Card
ORD1782,CUST13,North America,Sports,2025-02-21,1,946,Credit Card
ORD1783,CUST121,Asia,Apparel,2025-02-22,4,1164,Debit Card
ORD1784,CUST76,Africa,Sports,2025-02-23,4,1186,Debit Card
ORD1785,CUST143,North America,Apparel,2025-02-24,3,122,UPI
ORD1786,CUST186,Europe,Home & Kitchen,2025-02-25,2,459,Cash on Delivery
ORD1787,CUST188,South America,Electronics,2025-02-26,1,1198,Credit Card
ORD1788,CUST20,North America,Books,2025-02-27,4,659,Cash on Delivery
ORD1789,CUST96,North America,Apparel,2025-02-28,1,771,UPI
ORD1790,CUST12,Asia,Sports,2025-03-01,3,1948,Credit Card
ORD1791,CUST123,Africa,Home & Kitchen,2025-03-02,2,1241,Credit Card
ORD1792,CUST122,South America,Apparel,2025-03-03,4,1735,Cash on Delivery
ORD1793,CUST94,Europe,Sports,2025-03-04,2,1503,Net Banking
ORD1794,CUST23,South America,Books,2025-03-05,3,778,Debit Card
ORD1795,CUST66,Europe,Books,2025-03-06,3,1413,Net Banking
ORD1796,CUST93,Africa,Beauty,2025-03-07,1,539,Cash on Delivery
ORD1797,CUST168,Europe,Electronics,2025-03-08,4,1791,Debit Card
ORD1798,CUST71,Asia,Beauty,2025-03-09,1,1032,Net Banking
ORD1799,CUST85,Asia,Home & Kitchen,2025-03-10,3,106,Debit Card
ORD1800,CUST160,Asia,Apparel,2025-03-11,2,1319,Credit Card
ORD1801,CUST78,Asia,Home & Kitchen,2025-03-12,1,520,Net Banking
ORD1802,CUST180,South America,Sports,2025-03-13,1,1691,Debit Card
ORD1803,CUST136,Africa,Books,2025-03-14,2,932,Debit Card
ORD1804,CUST146,Europe,Beauty,2025-03-15,1,1316,Debit Card
ORD1805,CUST8,Europe,Beauty,2025-03-16,2,658,Net Banking
ORD1806,CUST111,Asia,Beauty,2025-03-17,4,1271,UPI
ORD1807,CUST193,Asia,Home & Kitchen,2025-03-18,2,1910,Net Banking
ORD1808,CUST90,North America,Books,2025-03-19,4,1792,Cash on Delivery
ORD1809,CUST134,Africa,Apparel,2025-03-20,2,1325,Net Banking
ORD1810,CUST162,South America,Sports,2025-03-21,3,1567,Debit Card
ORD1811,CUST13,Europe,Apparel,2025-03-22,3,1013,Credit Card
ORD1812,CUST61,North America,Home & Kitchen,2025-03-23,4,1542,Net Banking
ORD1813,CUST88,North America,Sports,2025-03-24,4,1550,Net Banking
ORD1814,CUST185,Europe,Beauty,2025-03-25,3,1106,Debit Card
ORD1815,CUST179,South America,Electronics,2025-03-26,4,1602,Credit Card
ORD1816,CUST161,North America,Home & Kitchen,2025-03-27,2,1598,Credit Card
ORD1817,CUST23,North America,Home & Kitchen,2025-03-28,2,225,Cash on Delivery
ORD1818,CUST163,Africa,Books,2025-03-29,3,494,Net Banking
ORD1819,CUST89,South America,Apparel,2025-03-30,1,916,Credit Card
ORD1820,CUST184,North America,Home & Kitchen,2025-03-31,2,980,Credit Card
ORD1821,CUST197,South America,Home & Kitchen,2025-04-01,4,1929,UPI
ORD1822,CUST102,Europe,Beauty,2025-04-02,1,675,UPI
ORD1823,CUST184,Asia,Beauty,2025-04-03,1,424,Credit Card
ORD1824,CUST139,North America,Sports,2025-04-04,2,1515,Cash on Delivery
ORD1825,CUST170,Africa,Electronics,2025-04-05,2,1029,Credit Card
ORD1826,CUST133,Europe,Books,2025-04-06,1,1811,Debit Card
ORD1827,CUST135,South America,Electronics,2025-04-07,1,1751,Net Banking
ORD1828,CUST117,Europe,Sports,2025-04-08,3,1563,Cash on Delivery
ORD1829,CUST25,North America,Beauty,2025-04-09,4,1327,Debit Card
ORD1830,CUST76,South America,Apparel,2025-04-10,3,1609,Cash on Delivery
ORD1831,CUST54,Asia,Beauty,2025-04-11,2,932,Debit Card
ORD1832,CUST76,Europe,Books,2025-04-12,3,1154,Net Banking
ORD1833,CUST82,North America,Beauty,2025-04-13,3,1511,Net Banking
ORD1834,CUST140,Africa,Books,2025-04-14,3,1748,UPI
ORD1835,CUST120,South America,Books,2025-04-15,3,1557,Debit Card
ORD1836,CUST1,Europe,Books,2025-04-16,4,936,UPI
ORD1837,CUST132,Europe,Sports,2025-04-17,4,1025,Debit Card
ORD1838,CUST117,Asia,Books,2025-04-18,1,1499,UPI
ORD1839,CUST95,Asia,Books,2025-04-19,2,1467,Net Banking
ORD1840,CUST148,Africa,Apparel,2025-04-20,3,542,Cash on Delivery
ORD1841,CUST194,Africa,Electronics,2025-04-21,1,1702,UPI
ORD1842,CUST157,North America,Home & Kitchen,2025-04-22,1,174,Debit Card
ORD1843,CUST153,North America,Electronics,2025-04-23,1,656,Debit Card
ORD1844,CUST189,Africa,Books,2025-04-24,4,1895,Net Banking
ORD1845,CUST130,Africa,Apparel,2025-04-25,3,1789,Debit Card
ORD1846,CUST19,South America,Beauty,2025-04-26,3,1278,Credit Card
ORD1847,CUST116,Asia,Apparel,2025-04-27,2,1553,Cash on Delivery
ORD1848,CUST162,North America,Books,2025-04-28,3,462,UPI
ORD1849,CUST131,Asia,Apparel,2025-04-29,3,547,Cash on Delivery
ORD1850,CUST146,Asia,Apparel,2025-04-30,1,1357,Net Banking
ORD1851,CUST192,Africa,Books,2025-05-01,2,1686,UPI
ORD1852,CUST161,South America,Sports,2025-05-02,3,1941,UPI
ORD1853,CUST115,Europe,Apparel,2025-05-03,4,361,Credit Card
ORD1854,CUST62,South America,Home & Kitchen,2025-05-04,3,1950,Net Banking
ORD1855,CUST38,South America,Home & Kitchen,2025-05-05,1,224,Debit Card
ORD1856,CUST125,Asia,Apparel,2025-05-06,4,1010,Credit Card
ORD1857,CUST10,South America,Sports,2025-05-07,1,344,Credit Card
ORD1858,CUST61,North America,Beauty,2025-05-08,3,641,Cash on Delivery
ORD1859,CUST163,Asia,Books,2025-05-09,4,584,Cash on Delivery
ORD1860,CUST113,North America,Home & Kitchen,2025-05-10,2,221,Cash on Delivery
ORD1861,CUST118,Europe,Beauty,2025-05-11,2,224,Credit Card
ORD1862,CUST110,Asia,Apparel,2025-05-12,4,1672,Debit Card
ORD1863,CUST77,Europe,Beauty,2025-05-13,4,269,UPI
ORD1864,CUST159,Asia,Electronics,2025-05-14,1,223,Cash on Delivery
ORD1865,CUST185,Africa,Home & Kitchen,2025-05-15,4,1992,Debit Card
ORD1866,CUST151,South America,Apparel,2025-05-16,1,1158,Net Banking
ORD1867,CUST65,Africa,Books,2025-05-17,3,1210,Cash on Delivery
ORD1868,CUST193,Europe,Sports,2025-05-18,1,745,UPI
ORD1869,CUST52,South America,Apparel,2025-05-19,4,1831,Net Banking
ORD1870,CUST139,Asia,Books,2025-05-20,4,885,Net Banking
ORD1871,CUST121,South America,Sports,2025-05-21,3,300,UPI
ORD1872,CUST72,North America,Sports,2025-05-22,4,468,Cash on Delivery
ORD1873,CUST190,South America,Apparel,2025-05-23,4,896,Credit Card
ORD1874,CUST186,North America,Beauty,2025-05-24,2,176,UPI
ORD1875,CUST97,South America,Beauty,2025-05-25,2,158,UPI
ORD1876,CUST114,North America,Sports,2025-05-26,3,530,UPI
ORD1877,CUST2,Europe,Beauty,2025-05-27,1,737,Net Banking
ORD1878,CUST149,Africa,Electronics,2025-05-28,2,1623,Debit Card
ORD1879,CUST114,Asia,Sports,2025-05-29,1,208,Credit Card
ORD1880,CUST83,South America,Sports,2025-05-30,4,1859,Cash on Delivery
ORD1881,CUST107,Africa,Books,2025-05-31,2,1107,Cash on Delivery
ORD1882,CUST43,Asia,Beauty,2025-06-01,3,1401,Debit Card
ORD1883,CUST16,Asia,Sports,2025-06-02,3,167,UPI
ORD1884,CUST107,North America,Electronics,2025-06-03,3,1192,Credit Card
ORD1885,CUST142,Europe,Books,2025-06-04,2,1288,Cash on Delivery
ORD1886,CUST2,Europe,Apparel,2025-06-05,1,1612,Cash on Delivery
ORD1887,CUST48,Africa,Sports,2025-06-06,4,404,UPI
ORD1888,CUST117,Europe,Electronics,2025-06-07,1,773,Debit Card
ORD1889,CUST107,South America,Home & Kitchen,2025-06-08,1,464,Credit Card
ORD1890,CUST17,Europe,Electronics,2025-06-09,4,1977,Debit Card
ORD1891,CUST176,Africa,Electronics,2025-06-10,4,920,Debit Card
ORD1892,CUST55,Europe,Books,2025-06-11,2,1502,Credit Card
ORD1893,CUST132,South America,Apparel,2025-06-12,2,442,Credit Card
ORD1894,CUST142,North America,Home & Kitchen,2025-06-13,2,1046,Cash on Delivery
ORD1895,CUST122,Africa,Beauty,2025-06-14,2,998,Cash on Delivery
ORD1896,CUST178,North America,Beauty,2025-06-15,2,1677,Credit Card
ORD1897,CUST185,North America,Electronics,2025-06-16,4,1477,Net Banking
ORD1898,CUST25,North America,Books,2025-06-17,1,1539,Cash on Delivery
ORD1899,CUST98,Asia,Books,2025-06-18,2,1232,Net Banking
ORD1900,CUST30,Asia,Beauty,2025-06-19,2,1686,Credit Card
ORD1901,CUST99,North America,Home & Kitchen,2025-06-20,1,861,Cash on Delivery
ORD1902,CUST130,Africa,Apparel,2025-06-21,2,1620,Debit Card
ORD1903,CUST104,South America,Home & Kitchen,2025-06-22,1,440,Credit Card
ORD1904,CUST183,South America,Sports,2025-06-23,1,1041,UPI
ORD1905,CUST62,Europe,Sports,2025-06-24,4,482,Net Banking
ORD1906,CUST86,Africa,Apparel,2025-06-25,3,1103,Credit Card
ORD1907,CUST37,Asia,Beauty,2025-06-26,4,1656,Credit Card
ORD1908,CUST1,North America,Apparel,2025-06-27,3,399,Cash on Delivery
ORD1909,CUST20,Europe,Books,2025-06-28,3,238,Cash on Delivery
ORD1910,CUST145,South America,Sports,2025-06-29,3,458,Cash on Delivery
ORD1911,CUST40,Asia,Electronics,2025-06-30,2,935,UPI
ORD1912,CUST56,Asia,Electronics,2025-07-01,4,1622,Cash on Delivery
ORD1913,CUST121,North America,Beauty,2025-07-02,3,1508,Credit Card
ORD1914,CUST123,South America,Books,2025-07-03,1,1727,Cash on Delivery
ORD1915,CUST64,Africa,Home & Kitchen,2025-07-04,2,1403,Debit Card
ORD1916,CUST199,Asia,Books,2025-07-05,4,1760,Cash on Delivery
ORD1917,CUST174,North America,Electronics,2025-07-06,3,582,UPI
ORD1918,CUST83,Africa,Electronics,2025-07-07,1,1008,Debit Card
ORD1919,CUST182,South America,Sports,2025-07-08,4,1234,Credit Card
ORD1920,CUST79,Asia,Books,2025-07-09,4,965,Credit Card
ORD1921,CUST163,Africa,Books,2025-07-10,2,238,Net Banking
ORD1922,CUST113,Africa,Electronics,2025-07-11,4,1095,Debit Card
ORD1923,CUST102,Africa,Home & Kitchen,2025-07-12,2,534,Net Banking
ORD1924,CUST60,Asia,Beauty,2025-07-13,3,608,Debit Card
ORD1925,CUST187,Asia,Beauty,2025-07-14,2,372,Debit Card
ORD1926,CUST74,Europe,Books,2025-07-15,1,1222,UPI
ORD1927,CUST112,South America,Beauty,2025-07-16,2,1887,Net Banking
ORD1928,CUST127,North America,Electronics,2025-07-17,1,1973,UPI
ORD1929,CUST188,Africa,Electronics,2025-07-18,2,203,Debit Card
ORD1930,CUST13,Europe,Books,2025-07-19,4,1337,Credit Card
ORD1931,CUST76,North America,Books,2025-07-20,3,1884,Debit Card
ORD1932,CUST56,Europe,Sports,2025-07-21,1,1787,UPI
ORD1933,CUST7,Asia,Books,2025-07-22,2,861,Net Banking
ORD1934,CUST119,Africa,Home & Kitchen,2025-07-23,2,886,Net Banking
ORD1935,CUST142,North America,Beauty,2025-07-24,2,264,UPI
ORD1936,CUST22,North America,Books,2025-07-25,4,1098,Net Banking
ORD1937,CUST69,North America,Apparel,2025-07-26,4,1976,Cash on Delivery
ORD1938,CUST10,North America,Sports,2025-07-27,1,619,Credit Card
ORD1939,CUST182,North America,Apparel,2025-07-28,1,1407,Credit Card
ORD1940,CUST145,Europe,Electronics,2025-07-29,4,616,Credit Card
ORD1941,CUST47,Africa,Beauty,2025-07-30,1,756,Net Banking
ORD1942,CUST76,Asia,Books,2025-07-31,3,712,Net Banking
ORD1943,CUST151,Asia,Apparel,2025-08-01,3,263,Debit Card
ORD1944,CUST13,Asia,Beauty,2025-08-02,4,1782,Debit Card
ORD1945,CUST33,Asia,Electronics,2025-08-03,1,163,Credit Card
ORD1946,CUST93,Europe,Home & Kitchen,2025-08-04,2,1214,Cash on Delivery
ORD1947,CUST79,South America,Sports,2025-08-05,3,1240,Debit Card
ORD1948,CUST175,Africa,Beauty,2025-08-06,4,1989,Debit Card
ORD1949,CUST89,North America,Beauty,2025-08-07,1,366,Net Banking
ORD1950,CUST156,South America,Home & Kitchen,2025-08-08,4,1945,Cash on Delivery
ORD1951,CUST193,Asia,Beauty,2025-08-09,2,1808,Credit Card
ORD1952,CUST49,South America,Electronics,2025-08-10,3,1682,Debit Card
ORD1953,CUST99,Africa,Electronics,2025-08-11,4,1263,Cash on Delivery
ORD1954,CUST60,North America,Home & Kitchen,2025-08-12,4,345,Cash on Delivery
ORD1955,CUST174,North America,Sports,2025-08-13,4,1784,Credit Card
ORD1956,CUST80,Africa,Books,2025-08-14,2,1881,Cash on Delivery
ORD1957,CUST68,Africa,Apparel,2025-08-15,4,494,Cash on Delivery
ORD1958,CUST190,Asia,Books,2025-08-16,2,1610,Cash on Delivery
ORD1959,CUST134,North America,Beauty,2025-08-17,2,575,Debit Card
ORD1960,CUST159,South America,Apparel,2025-08-18,2,1640,Credit Card
ORD1961,CUST12,Europe,Home & Kitchen,2025-08-19,3,1076,Cash on Delivery
ORD1962,CUST181,Europe,Home & Kitchen,2025-08-20,3,1307,Cash on Delivery
ORD1963,CUST16,Africa,Sports,2025-08-21,4,1143,Debit Card
ORD1964,CUST188,Asia,Apparel,2025-08-22,4,657,Credit Card
ORD1965,CUST36,Europe,Electronics,2025-08-23,3,1117,Net Banking
ORD1966,CUST45,North America,Apparel,2025-08-24,1,1647,Debit Card
ORD1967,CUST140,Africa,Beauty,2025-08-25,3,1705,Credit Card
ORD1968,CUST32,South America,Electronics,2025-08-26,2,1652,Cash on Delivery
ORD1969,CUST42,Africa,Home & Kitchen,2025-08-27,3,982,Credit Card
ORD1970,CUST100,South America,Apparel,2025-08-28,2,246,Credit Card
ORD1971,CUST128,Africa,Books,2025-08-29,4,765,Credit Card
ORD1972,CUST124,Africa,Sports,2025-08-30,1,1427,Net Banking
ORD1973,CUST98,Africa,Books,2025-08-31,4,719,Credit Card
ORD1974,CUST14,South America,Sports,2025-09-01,2,1871,Net Banking
ORD1975,CUST166,South America,Beauty,2025-09-02,2,919,Cash on Delivery
ORD1976,CUST200,Africa,Books,2025-09-03,2,963,Net Banking
ORD1977,CUST135,Europe,Apparel,2025-09-04,1,681,Cash on Delivery
ORD1978,CUST122,Asia,Apparel,2025-09-05,3,1122,Cash on Delivery
ORD1979,CUST155,Asia,Books,2025-09-06,4,794,Net Banking
ORD1980,CUST113,Asia,Apparel,2025-09-07,4,1885,Debit Card
ORD1981,CUST76,South America,Beauty,2025-09-08,3,1351,UPI
ORD1982,CUST172,South America,Electronics,2025-09-09,4,1225,Credit Card
ORD1983,CUST19,Europe,Beauty,2025-09-10,1,1710,UPI
ORD1984,CUST166,Asia,Sports,2025-09-11,4,1540,Credit Card
ORD1985,CUST22,Asia,Beauty,2025-09-12,2,1339,Credit Card
ORD1986,CUST153,Africa,Sports,2025-09-13,3,506,Cash on Delivery
ORD1987,CUST185,South America,Apparel,2025-09-14,1,498,Credit Card
ORD1988,CUST106,Asia,Electronics,2025-09-15,3,814,Credit Card
ORD1989,CUST52,Europe,Apparel,2025-09-16,1,803,Net Banking
ORD1990,CUST96,Europe,Home & Kitchen,2025-09-17,2,860,UPI
ORD1991,CUST170,Asia,Apparel,2025-09-18,3,598,Net Banking
ORD1992,CUST67,South America,Sports,2025-09-19,4,1877,Credit Card
ORD1993,CUST10,Europe,Apparel,2025-09-20,1,1588,Cash on Delivery
ORD1994,CUST39,Africa,Apparel,2025-09-21,3,1814,Net Banking
ORD1995,CUST49,Europe,Electronics,2025-09-22,4,1073,Net Banking
ORD1996,CUST188,North America,Apparel,2025-09-23,3,1854,Debit Card
ORD1997,CUST6,North America,Electronics,2025-09-24,3,181,Credit Card
ORD1998,CUST42,South America,Books,2025-09-25,3,703,Cash on Delivery
ORD1999,CUST78,Asia,Home & Kitchen,2025-09-26,1,1810,Net Banking
